{
  "all_probs_shape": [
    3000,
    5
  ],
  "all_labels_shape": [
    3000,
    5
  ],
  "num_samples": 3000,
  "alignment_error": false,
  "per_class": {
    "0": {
      "pos_count": 374,
      "neg_count": 2626,
      "auprc_baseline": 0.12466666666666666,
      "missing_count": 0,
      "auprc": 0.46314623294381263,
      "pos_scores": {
        "count": 374,
        "min": 0.1682479828596115,
        "p25": 0.332979753613472,
        "median": 0.4302475154399872,
        "p75": 0.5249792486429214,
        "max": 0.7653467059135437,
        "mean": 0.4367873966693878,
        "std": 0.13109064102172852
      },
      "neg_scores": {
        "count": 2626,
        "min": 0.1000460535287857,
        "p25": 0.2276533655822277,
        "median": 0.27044185996055603,
        "p75": 0.3298729732632637,
        "max": 0.7766602039337158,
        "mean": 0.2893863022327423,
        "std": 0.08885928988456726
      }
    },
    "1": {
      "pos_count": 483,
      "neg_count": 2517,
      "auprc_baseline": 0.161,
      "missing_count": 0,
      "auprc": 0.2926494771629829,
      "pos_scores": {
        "count": 483,
        "min": 0.18841831386089325,
        "p25": 0.2913817763328552,
        "median": 0.33651188015937805,
        "p75": 0.38432566821575165,
        "max": 0.5716986656188965,
        "mean": 0.3416844308376312,
        "std": 0.06996329128742218
      },
      "neg_scores": {
        "count": 2517,
        "min": 0.11659729480743408,
        "p25": 0.24802836775779724,
        "median": 0.28803277015686035,
        "p75": 0.3358386754989624,
        "max": 0.634587287902832,
        "mean": 0.29522114992141724,
        "std": 0.06469570845365524
      }
    },
    "2": {
      "pos_count": 211,
      "neg_count": 2789,
      "auprc_baseline": 0.07033333333333333,
      "missing_count": 0,
      "auprc": 0.35654968694621647,
      "pos_scores": {
        "count": 211,
        "min": 0.12756136059761047,
        "p25": 0.2654890716075897,
        "median": 0.34451860189437866,
        "p75": 0.4413164258003235,
        "max": 0.9847264885902405,
        "mean": 0.37393876910209656,
        "std": 0.15028680860996246
      },
      "neg_scores": {
        "count": 2789,
        "min": 0.08645378798246384,
        "p25": 0.18212400376796722,
        "median": 0.21966184675693512,
        "p75": 0.2682590186595917,
        "max": 0.8092995882034302,
        "mean": 0.23304612934589386,
        "std": 0.07799115031957626
      }
    },
    "3": {
      "pos_count": 241,
      "neg_count": 2759,
      "auprc_baseline": 0.08033333333333334,
      "missing_count": 0,
      "auprc": 0.20448085195683216,
      "pos_scores": {
        "count": 241,
        "min": 0.1688588261604309,
        "p25": 0.26179903745651245,
        "median": 0.30448275804519653,
        "p75": 0.34674397110939026,
        "max": 0.5771995782852173,
        "mean": 0.3096863031387329,
        "std": 0.06804834306240082
      },
      "neg_scores": {
        "count": 2759,
        "min": 0.11575889587402344,
        "p25": 0.21769550442695618,
        "median": 0.25300532579421997,
        "p75": 0.29198580980300903,
        "max": 0.5988789200782776,
        "mean": 0.25798264145851135,
        "std": 0.057513874024152756
      }
    },
    "4": {
      "pos_count": 563,
      "neg_count": 2437,
      "auprc_baseline": 0.18766666666666668,
      "missing_count": 0,
      "auprc": 0.6768712379313452,
      "pos_scores": {
        "count": 563,
        "min": 0.2304886281490326,
        "p25": 0.37499576807022095,
        "median": 0.4708805978298187,
        "p75": 0.6320610344409943,
        "max": 0.9410635828971863,
        "mean": 0.5107737183570862,
        "std": 0.16223162412643433
      },
      "neg_scores": {
        "count": 2437,
        "min": 0.15480846166610718,
        "p25": 0.27522921562194824,
        "median": 0.3153184652328491,
        "p75": 0.3630281686782837,
        "max": 0.9105238318443298,
        "mean": 0.3270523250102997,
        "std": 0.07744941115379333
      }
    }
  }
}