{
  "all_probs_shape": [
    3000,
    5
  ],
  "all_labels_shape": [
    3000,
    5
  ],
  "num_samples": 3000,
  "alignment_error": false,
  "per_class": {
    "0": {
      "pos_count": 374,
      "neg_count": 2626,
      "auprc_baseline": 0.12466666666666666,
      "missing_count": 0,
      "auprc": 0.4864367307096049,
      "pos_scores": {
        "count": 374,
        "min": 0.01578259840607643,
        "p25": 0.13027476519346237,
        "median": 0.3648694157600403,
        "p75": 0.6160628497600555,
        "max": 0.9849171042442322,
        "mean": 0.39739346504211426,
        "std": 0.28573763370513916
      },
      "neg_scores": {
        "count": 2626,
        "min": 0.0011282401392236352,
        "p25": 0.03184914030134678,
        "median": 0.059423115104436874,
        "p75": 0.1263808123767376,
        "max": 0.9534627199172974,
        "mean": 0.11284802854061127,
        "std": 0.14302513003349304
      }
    },
    "1": {
      "pos_count": 483,
      "neg_count": 2517,
      "auprc_baseline": 0.161,
      "missing_count": 0,
      "auprc": 0.2930588387043571,
      "pos_scores": {
        "count": 483,
        "min": 0.014712383039295673,
        "p25": 0.08692260459065437,
        "median": 0.16187193989753723,
        "p75": 0.2984407991170883,
        "max": 0.8703928589820862,
        "mean": 0.20896105468273163,
        "std": 0.157953679561615
      },
      "neg_scores": {
        "count": 2517,
        "min": 0.002512303413823247,
        "p25": 0.050898969173431396,
        "median": 0.09064868092536926,
        "p75": 0.16349835693836212,
        "max": 0.8063574433326721,
        "mean": 0.1280314177274704,
        "std": 0.11305741220712662
      }
    },
    "2": {
      "pos_count": 211,
      "neg_count": 2789,
      "auprc_baseline": 0.07033333333333333,
      "missing_count": 0,
      "auprc": 0.34463413849244967,
      "pos_scores": {
        "count": 211,
        "min": 0.002725771861150861,
        "p25": 0.05908237025141716,
        "median": 0.14412210881710052,
        "p75": 0.34642499685287476,
        "max": 0.999998927116394,
        "mean": 0.25102588534355164,
        "std": 0.26034408807754517
      },
      "neg_scores": {
        "count": 2789,
        "min": 0.0011572156799957156,
        "p25": 0.015795964747667313,
        "median": 0.031073901802301407,
        "p75": 0.061990104615688324,
        "max": 0.9985445737838745,
        "mean": 0.05938166007399559,
        "std": 0.09449903666973114
      }
    },
    "3": {
      "pos_count": 241,
      "neg_count": 2759,
      "auprc_baseline": 0.08033333333333334,
      "missing_count": 0,
      "auprc": 0.22416543428791416,
      "pos_scores": {
        "count": 241,
        "min": 0.007306183688342571,
        "p25": 0.05932224541902542,
        "median": 0.1237463429570198,
        "p75": 0.22267866134643555,
        "max": 0.868058443069458,
        "mean": 0.1652841567993164,
        "std": 0.1486576795578003
      },
      "neg_scores": {
        "count": 2759,
        "min": 0.0017950756009668112,
        "p25": 0.02830442599952221,
        "median": 0.05281087011098862,
        "p75": 0.09491034224629402,
        "max": 0.854364275932312,
        "mean": 0.07698993384838104,
        "std": 0.08028797060251236
      }
    },
    "4": {
      "pos_count": 563,
      "neg_count": 2437,
      "auprc_baseline": 0.18766666666666668,
      "missing_count": 0,
      "auprc": 0.70062058391265,
      "pos_scores": {
        "count": 563,
        "min": 0.02685467153787613,
        "p25": 0.22541387379169464,
        "median": 0.4642393887042999,
        "p75": 0.8624767959117889,
        "max": 0.9997376799583435,
        "mean": 0.5193440318107605,
        "std": 0.32343220710754395
      },
      "neg_scores": {
        "count": 2437,
        "min": 0.004649965092539787,
        "p25": 0.058243777602910995,
        "median": 0.09634561836719513,
        "p75": 0.17150530219078064,
        "max": 0.9990853071212769,
        "mean": 0.141361266374588,
        "std": 0.13518592715263367
      }
    }
  }
}