{
  "all_probs_shape": [
    3000,
    5
  ],
  "all_labels_shape": [
    3000,
    5
  ],
  "num_samples": 3000,
  "alignment_error": false,
  "per_class": {
    "0": {
      "pos_count": 374,
      "neg_count": 2626,
      "auprc_baseline": 0.12466666666666666,
      "missing_count": 0,
      "auprc": 0.7713766150036655,
      "pos_scores": {
        "count": 374,
        "min": 0.09571661800146103,
        "p25": 0.3832515478134155,
        "median": 0.5068973302841187,
        "p75": 0.6491913199424744,
        "max": 0.9255466461181641,
        "mean": 0.5178238749504089,
        "std": 0.17943553626537323
      },
      "neg_scores": {
        "count": 2626,
        "min": 0.016728539019823074,
        "p25": 0.12988649308681488,
        "median": 0.1812121570110321,
        "p75": 0.24557769298553467,
        "max": 0.7571099996566772,
        "mean": 0.20075616240501404,
        "std": 0.10084639489650726
      }
    },
    "1": {
      "pos_count": 483,
      "neg_count": 2517,
      "auprc_baseline": 0.161,
      "missing_count": 0,
      "auprc": 0.6914450448797756,
      "pos_scores": {
        "count": 483,
        "min": 0.17242200672626495,
        "p25": 0.3610718250274658,
        "median": 0.4512541890144348,
        "p75": 0.5410492420196533,
        "max": 0.8586235642433167,
        "mean": 0.45471861958503723,
        "std": 0.12212929874658585
      },
      "neg_scores": {
        "count": 2517,
        "min": 0.04782258719205856,
        "p25": 0.17420516908168793,
        "median": 0.23414936661720276,
        "p75": 0.3107548952102661,
        "max": 0.6830873489379883,
        "mean": 0.24834884703159332,
        "std": 0.09894274920225143
      }
    },
    "2": {
      "pos_count": 211,
      "neg_count": 2789,
      "auprc_baseline": 0.07033333333333333,
      "missing_count": 0,
      "auprc": 0.7730724771742249,
      "pos_scores": {
        "count": 211,
        "min": 0.12295862287282944,
        "p25": 0.3964807093143463,
        "median": 0.5358467102050781,
        "p75": 0.7022373676300049,
        "max": 0.9965858459472656,
        "mean": 0.5534563064575195,
        "std": 0.1969825178384781
      },
      "neg_scores": {
        "count": 2789,
        "min": 0.013347208499908447,
        "p25": 0.10208187252283096,
        "median": 0.1489458978176117,
        "p75": 0.21371687948703766,
        "max": 0.8483741879463196,
        "mean": 0.16972102224826813,
        "std": 0.0969538539648056
      }
    },
    "3": {
      "pos_count": 241,
      "neg_count": 2759,
      "auprc_baseline": 0.08033333333333334,
      "missing_count": 0,
      "auprc": 0.6022175890393654,
      "pos_scores": {
        "count": 241,
        "min": 0.1382361203432083,
        "p25": 0.3488443195819855,
        "median": 0.43832799792289734,
        "p75": 0.5453725457191467,
        "max": 0.847239077091217,
        "mean": 0.44824907183647156,
        "std": 0.13745161890983582
      },
      "neg_scores": {
        "count": 2759,
        "min": 0.011666622012853622,
        "p25": 0.12250939756631851,
        "median": 0.183088481426239,
        "p75": 0.26343899965286255,
        "max": 0.7074515223503113,
        "mean": 0.201046884059906,
        "std": 0.10424698144197464
      }
    },
    "4": {
      "pos_count": 563,
      "neg_count": 2437,
      "auprc_baseline": 0.18766666666666668,
      "missing_count": 0,
      "auprc": 0.9124989976889227,
      "pos_scores": {
        "count": 563,
        "min": 0.14908483624458313,
        "p25": 0.48831164836883545,
        "median": 0.645000159740448,
        "p75": 0.8421350717544556,
        "max": 0.9974533915519714,
        "mean": 0.6511445045471191,
        "std": 0.21319152414798737
      },
      "neg_scores": {
        "count": 2437,
        "min": 0.020307302474975586,
        "p25": 0.11945971101522446,
        "median": 0.17731857299804688,
        "p75": 0.2558380365371704,
        "max": 0.6839666962623596,
        "mean": 0.19858506321907043,
        "std": 0.10845409333705902
      }
    }
  }
}