{
  "all_probs_shape": [
    3000,
    5
  ],
  "all_labels_shape": [
    3000,
    5
  ],
  "num_samples": 3000,
  "alignment_error": false,
  "per_class": {
    "0": {
      "pos_count": 374,
      "neg_count": 2626,
      "auprc_baseline": 0.12466666666666666,
      "missing_count": 0,
      "auprc": 0.4716479617785581,
      "pos_scores": {
        "count": 374,
        "min": 0.006533431354910135,
        "p25": 0.09226030856370926,
        "median": 0.2683476209640503,
        "p75": 0.5847482085227966,
        "max": 0.9946402907371521,
        "mean": 0.3588152825832367,
        "std": 0.29471874237060547
      },
      "neg_scores": {
        "count": 2626,
        "min": 0.0007849629037082195,
        "p25": 0.018940482288599014,
        "median": 0.039557017385959625,
        "p75": 0.0926768034696579,
        "max": 0.9956161975860596,
        "mean": 0.09172888100147247,
        "std": 0.1391490250825882
      }
    },
    "1": {
      "pos_count": 483,
      "neg_count": 2517,
      "auprc_baseline": 0.161,
      "missing_count": 0,
      "auprc": 0.34772696443395473,
      "pos_scores": {
        "count": 483,
        "min": 0.021467149257659912,
        "p25": 0.07651282846927643,
        "median": 0.14236049354076385,
        "p75": 0.27148181200027466,
        "max": 0.7240176200866699,
        "mean": 0.19280971586704254,
        "std": 0.14597564935684204
      },
      "neg_scores": {
        "count": 2517,
        "min": 0.006526523269712925,
        "p25": 0.04189404845237732,
        "median": 0.07307278364896774,
        "p75": 0.13215354084968567,
        "max": 0.6362109184265137,
        "mean": 0.10363878309726715,
        "std": 0.09191828966140747
      }
    },
    "2": {
      "pos_count": 211,
      "neg_count": 2789,
      "auprc_baseline": 0.07033333333333333,
      "missing_count": 0,
      "auprc": 0.3208305467438241,
      "pos_scores": {
        "count": 211,
        "min": 0.008114823140203953,
        "p25": 0.06152133643627167,
        "median": 0.17295223474502563,
        "p75": 0.41821566224098206,
        "max": 0.9996145963668823,
        "mean": 0.28182506561279297,
        "std": 0.2796226739883423
      },
      "neg_scores": {
        "count": 2789,
        "min": 0.0019514145096763968,
        "p25": 0.017278075218200684,
        "median": 0.03360118716955185,
        "p75": 0.07005565613508224,
        "max": 0.9972338080406189,
        "mean": 0.07138452678918839,
        "std": 0.11754970252513885
      }
    },
    "3": {
      "pos_count": 241,
      "neg_count": 2759,
      "auprc_baseline": 0.08033333333333334,
      "missing_count": 0,
      "auprc": 0.21221820156473317,
      "pos_scores": {
        "count": 241,
        "min": 0.006455352529883385,
        "p25": 0.06993120163679123,
        "median": 0.14959858357906342,
        "p75": 0.2863630950450897,
        "max": 0.9097578525543213,
        "mean": 0.21368427574634552,
        "std": 0.20109014213085175
      },
      "neg_scores": {
        "count": 2759,
        "min": 0.000854147772770375,
        "p25": 0.029283475130796432,
        "median": 0.055974118411540985,
        "p75": 0.10786024481058121,
        "max": 0.9707090854644775,
        "mean": 0.09439793974161148,
        "std": 0.11677911132574081
      }
    },
    "4": {
      "pos_count": 563,
      "neg_count": 2437,
      "auprc_baseline": 0.18766666666666668,
      "missing_count": 0,
      "auprc": 0.7081758726524321,
      "pos_scores": {
        "count": 563,
        "min": 0.010719101876020432,
        "p25": 0.16880416870117188,
        "median": 0.4486250877380371,
        "p75": 0.9147312045097351,
        "max": 0.9999980926513672,
        "mean": 0.5151082873344421,
        "std": 0.3558778464794159
      },
      "neg_scores": {
        "count": 2437,
        "min": 0.005377972964197397,
        "p25": 0.03625618666410446,
        "median": 0.06657909601926804,
        "p75": 0.1305101215839386,
        "max": 0.9990641474723816,
        "mean": 0.11189072579145432,
        "std": 0.13638025522232056
      }
    }
  }
}