{
  "all_probs_shape": [
    3000,
    5
  ],
  "all_labels_shape": [
    3000,
    5
  ],
  "num_samples": 3000,
  "alignment_error": false,
  "per_class": {
    "0": {
      "pos_count": 374,
      "neg_count": 2626,
      "auprc_baseline": 0.12466666666666666,
      "missing_count": 0,
      "auprc": 0.47163840615182,
      "pos_scores": {
        "count": 374,
        "min": 0.006535000167787075,
        "p25": 0.09223848395049572,
        "median": 0.2683885097503662,
        "p75": 0.5844557136297226,
        "max": 0.9946646690368652,
        "mean": 0.3588152825832367,
        "std": 0.2947208285331726
      },
      "neg_scores": {
        "count": 2626,
        "min": 0.0007852677954360843,
        "p25": 0.018940400332212448,
        "median": 0.03955531865358353,
        "p75": 0.09269132278859615,
        "max": 0.9956134557723999,
        "mean": 0.09173187613487244,
        "std": 0.13915382325649261
      }
    },
    "1": {
      "pos_count": 483,
      "neg_count": 2517,
      "auprc_baseline": 0.161,
      "missing_count": 0,
      "auprc": 0.34774109829308114,
      "pos_scores": {
        "count": 483,
        "min": 0.021463340148329735,
        "p25": 0.07650637626647949,
        "median": 0.1423317939043045,
        "p75": 0.27148669958114624,
        "max": 0.7240132093429565,
        "mean": 0.19280847907066345,
        "std": 0.14597706496715546
      },
      "neg_scores": {
        "count": 2517,
        "min": 0.006525092292577028,
        "p25": 0.04189922288060188,
        "median": 0.07306975871324539,
        "p75": 0.13216547667980194,
        "max": 0.6362653970718384,
        "mean": 0.10363651067018509,
        "std": 0.09191615879535675
      }
    },
    "2": {
      "pos_count": 211,
      "neg_count": 2789,
      "auprc_baseline": 0.07033333333333333,
      "missing_count": 0,
      "auprc": 0.32088124161637316,
      "pos_scores": {
        "count": 211,
        "min": 0.008113372139632702,
        "p25": 0.061518533155322075,
        "median": 0.17307859659194946,
        "p75": 0.4182993024587631,
        "max": 0.9996144771575928,
        "mean": 0.2818102240562439,
        "std": 0.2796139717102051
      },
      "neg_scores": {
        "count": 2789,
        "min": 0.0019517915789037943,
        "p25": 0.01728084497153759,
        "median": 0.03361126780509949,
        "p75": 0.0700218454003334,
        "max": 0.9972353577613831,
        "mean": 0.07137784361839294,
        "std": 0.11753690242767334
      }
    },
    "3": {
      "pos_count": 241,
      "neg_count": 2759,
      "auprc_baseline": 0.08033333333333334,
      "missing_count": 0,
      "auprc": 0.21220189314649746,
      "pos_scores": {
        "count": 241,
        "min": 0.0064531355164945126,
        "p25": 0.06992532312870026,
        "median": 0.14960558712482452,
        "p75": 0.28631508350372314,
        "max": 0.9097571969032288,
        "mean": 0.21367783844470978,
        "std": 0.20108768343925476
      },
      "neg_scores": {
        "count": 2759,
        "min": 0.0008543313597328961,
        "p25": 0.029284034855663776,
        "median": 0.05597391352057457,
        "p75": 0.10790102928876877,
        "max": 0.9707038402557373,
        "mean": 0.0943932831287384,
        "std": 0.11677145212888718
      }
    },
    "4": {
      "pos_count": 563,
      "neg_count": 2437,
      "auprc_baseline": 0.18766666666666668,
      "missing_count": 0,
      "auprc": 0.7082020050334947,
      "pos_scores": {
        "count": 563,
        "min": 0.010716806165874004,
        "p25": 0.16873982548713684,
        "median": 0.4484984278678894,
        "p75": 0.9146969616413116,
        "max": 0.9999980926513672,
        "mean": 0.5151204466819763,
        "std": 0.3558778762817383
      },
      "neg_scores": {
        "count": 2437,
        "min": 0.005378393456339836,
        "p25": 0.036256853491067886,
        "median": 0.06658279150724411,
        "p75": 0.13047565519809723,
        "max": 0.9990636706352234,
        "mean": 0.11189096421003342,
        "std": 0.1363789141178131
      }
    }
  }
}