{
  "all_probs_shape": [
    3000,
    5
  ],
  "all_labels_shape": [
    3000,
    5
  ],
  "num_samples": 3000,
  "alignment_error": false,
  "per_class": {
    "0": {
      "pos_count": 374,
      "neg_count": 2626,
      "auprc_baseline": 0.12466666666666666,
      "missing_count": 0,
      "auprc": 0.4631492625472677,
      "pos_scores": {
        "count": 374,
        "min": 0.16825084388256073,
        "p25": 0.3329775780439377,
        "median": 0.43024855852127075,
        "p75": 0.5249795913696289,
        "max": 0.7653496265411377,
        "mean": 0.43678757548332214,
        "std": 0.1310906559228897
      },
      "neg_scores": {
        "count": 2626,
        "min": 0.10004724562168121,
        "p25": 0.22765390947461128,
        "median": 0.27044129371643066,
        "p75": 0.32987212389707565,
        "max": 0.7766631245613098,
        "mean": 0.2893863022327423,
        "std": 0.08885928243398666
      }
    },
    "1": {
      "pos_count": 483,
      "neg_count": 2517,
      "auprc_baseline": 0.161,
      "missing_count": 0,
      "auprc": 0.29265186433576335,
      "pos_scores": {
        "count": 483,
        "min": 0.18841978907585144,
        "p25": 0.291381299495697,
        "median": 0.33650892972946167,
        "p75": 0.38432900607585907,
        "max": 0.5717018842697144,
        "mean": 0.34168460965156555,
        "std": 0.06996342539787292
      },
      "neg_scores": {
        "count": 2517,
        "min": 0.11659795045852661,
        "p25": 0.24802598357200623,
        "median": 0.2880339026451111,
        "p75": 0.3358422815799713,
        "max": 0.6345916986465454,
        "mean": 0.2952212691307068,
        "std": 0.0646957978606224
      }
    },
    "2": {
      "pos_count": 211,
      "neg_count": 2789,
      "auprc_baseline": 0.07033333333333333,
      "missing_count": 0,
      "auprc": 0.35654998096611806,
      "pos_scores": {
        "count": 211,
        "min": 0.12755995988845825,
        "p25": 0.26549170911312103,
        "median": 0.3445212244987488,
        "p75": 0.4413152039051056,
        "max": 0.9847263693809509,
        "mean": 0.37393882870674133,
        "std": 0.1502867043018341
      },
      "neg_scores": {
        "count": 2789,
        "min": 0.08645334839820862,
        "p25": 0.18212547898292542,
        "median": 0.21965548396110535,
        "p75": 0.26826122403144836,
        "max": 0.8092980980873108,
        "mean": 0.23304618895053864,
        "std": 0.07799111306667328
      }
    },
    "3": {
      "pos_count": 241,
      "neg_count": 2759,
      "auprc_baseline": 0.08033333333333334,
      "missing_count": 0,
      "auprc": 0.20447817631014167,
      "pos_scores": {
        "count": 241,
        "min": 0.1688581109046936,
        "p25": 0.26179879903793335,
        "median": 0.30448266863822937,
        "p75": 0.34674185514450073,
        "max": 0.5772000551223755,
        "mean": 0.30968624353408813,
        "std": 0.06804809719324112
      },
      "neg_scores": {
        "count": 2759,
        "min": 0.11575847119092941,
        "p25": 0.217693991959095,
        "median": 0.2530040144920349,
        "p75": 0.2919832170009613,
        "max": 0.5988833904266357,
        "mean": 0.2579827606678009,
        "std": 0.05751388892531395
      }
    },
    "4": {
      "pos_count": 563,
      "neg_count": 2437,
      "auprc_baseline": 0.18766666666666668,
      "missing_count": 0,
      "auprc": 0.6768677334748293,
      "pos_scores": {
        "count": 563,
        "min": 0.23048701882362366,
        "p25": 0.374996542930603,
        "median": 0.47087588906288147,
        "p75": 0.6320607960224152,
        "max": 0.9410627484321594,
        "mean": 0.5107735991477966,
        "std": 0.16223156452178955
      },
      "neg_scores": {
        "count": 2437,
        "min": 0.15480868518352509,
        "p25": 0.27523094415664673,
        "median": 0.31531840562820435,
        "p75": 0.3630330562591553,
        "max": 0.9105249643325806,
        "mean": 0.3270522654056549,
        "std": 0.07744931429624557
      }
    }
  }
}