{
  "all_probs_shape": [
    3000,
    5
  ],
  "all_labels_shape": [
    3000,
    5
  ],
  "num_samples": 3000,
  "alignment_error": false,
  "per_class": {
    "0": {
      "pos_count": 374,
      "neg_count": 2626,
      "auprc_baseline": 0.12466666666666666,
      "missing_count": 0,
      "auprc": 0.47163767131657497,
      "pos_scores": {
        "count": 374,
        "min": 0.00653515849262476,
        "p25": 0.09222957491874695,
        "median": 0.2683769464492798,
        "p75": 0.5844925493001938,
        "max": 0.9946626424789429,
        "mean": 0.35881417989730835,
        "std": 0.29472115635871887
      },
      "neg_scores": {
        "count": 2626,
        "min": 0.0007853119168430567,
        "p25": 0.018940353766083717,
        "median": 0.03955569118261337,
        "p75": 0.09269155003130436,
        "max": 0.9956132173538208,
        "mean": 0.09173194319009781,
        "std": 0.1391543298959732
      }
    },
    "1": {
      "pos_count": 483,
      "neg_count": 2517,
      "auprc_baseline": 0.161,
      "missing_count": 0,
      "auprc": 0.34774055682496063,
      "pos_scores": {
        "count": 483,
        "min": 0.02146385982632637,
        "p25": 0.07650559768080711,
        "median": 0.14233072102069855,
        "p75": 0.2714851498603821,
        "max": 0.7240170836448669,
        "mean": 0.1928083896636963,
        "std": 0.1459769755601883
      },
      "neg_scores": {
        "count": 2517,
        "min": 0.006525107659399509,
        "p25": 0.04190070554614067,
        "median": 0.07307024300098419,
        "p75": 0.13216666877269745,
        "max": 0.6362652778625488,
        "mean": 0.10363663733005524,
        "std": 0.09191638231277466
      }
    },
    "2": {
      "pos_count": 211,
      "neg_count": 2789,
      "auprc_baseline": 0.07033333333333333,
      "missing_count": 0,
      "auprc": 0.3208652710938018,
      "pos_scores": {
        "count": 211,
        "min": 0.00811336562037468,
        "p25": 0.06151975318789482,
        "median": 0.17307670414447784,
        "p75": 0.4182896912097931,
        "max": 0.9996145963668823,
        "mean": 0.2818104922771454,
        "std": 0.27961522340774536
      },
      "neg_scores": {
        "count": 2789,
        "min": 0.001951819285750389,
        "p25": 0.0172806978225708,
        "median": 0.033611539751291275,
        "p75": 0.0700167566537857,
        "max": 0.9972352385520935,
        "mean": 0.07137779146432877,
        "std": 0.11753689497709274
      }
    },
    "3": {
      "pos_count": 241,
      "neg_count": 2759,
      "auprc_baseline": 0.08033333333333334,
      "missing_count": 0,
      "auprc": 0.21219986729728235,
      "pos_scores": {
        "count": 241,
        "min": 0.006453248672187328,
        "p25": 0.06992856413125992,
        "median": 0.1496039777994156,
        "p75": 0.28632041811943054,
        "max": 0.9097526669502258,
        "mean": 0.21367783844470978,
        "std": 0.2010868638753891
      },
      "neg_scores": {
        "count": 2759,
        "min": 0.0008543257135897875,
        "p25": 0.02928440272808075,
        "median": 0.055972833186388016,
        "p75": 0.10789870470762253,
        "max": 0.9707034826278687,
        "mean": 0.09439337998628616,
        "std": 0.1167716458439827
      }
    },
    "4": {
      "pos_count": 563,
      "neg_count": 2437,
      "auprc_baseline": 0.18766666666666668,
      "missing_count": 0,
      "auprc": 0.7081910811940624,
      "pos_scores": {
        "count": 563,
        "min": 0.01071745902299881,
        "p25": 0.16874055564403534,
        "median": 0.4485028088092804,
        "p75": 0.914695143699646,
        "max": 0.9999980926513672,
        "mean": 0.5151203274726868,
        "std": 0.35587775707244873
      },
      "neg_scores": {
        "count": 2437,
        "min": 0.005378490313887596,
        "p25": 0.03625397011637688,
        "median": 0.06658176332712173,
        "p75": 0.1304749697446823,
        "max": 0.9990636706352234,
        "mean": 0.11189066618680954,
        "std": 0.1363784223794937
      }
    }
  }
}